taskID,userID,name,date,priority,status,tag
85,Raphaël,test1,2021-06-15,medium,enable,
86,Raphaël,test2,2021-06-15,medium,enable,
87,Raphaël,test3,2021-06-15,medium,enable,
88,Raphaël,test4,2021-06-15,medium,enable,
89,Raphaël,test5,2021-06-15,medium,enable,
90,Raphaël,test6,2021-06-15,medium,enable,
91,Raphaël,test7,2021-06-15,medium,enable,
92,Raphaël,test8,2021-06-15,medium,enable,
93,Raphaël,test9,2021-06-15,medium,enable,
94,Raphaël,test10,2021-06-15,medium,enable,
95,Raphaël,test11,2021-06-15,medium,enable,
96,Raphaël,test12,2021-06-15,medium,enable,
97,Raphaël,test13,2021-06-15,medium,enable,
98,Raphaël,test14,2021-06-15,medium,enable,
99,Raphaël,test15,2021-06-15,medium,enable,
